<?xml version="1.0" encoding="UTF-8"?>
<krpano version="1.19">

    
  <!-- Spot Style - Default Point Spot Style -->
  <style name="IconDefaultPointSpotStyle"
         url="%FIRSTXML%/spots/hotspot_plan_user_defaultpoint0.png"
         visible="false"
         onhover="onhoverIconDefaultPointSpotStyle"
         onout="onoutIconDefaultPointSpotStyle"


         />

  <action name="onhoverIconDefaultPointSpotStyle">
    showtooltip('hotspot');
  </action>


  <action name="onoutIconDefaultPointSpotStyle">
    hideTooltip();



  </action>



<!-- ********** -->
<!-- Classic Control Bar -->
<!-- id : controlBar_classic -->
<!-- ********** -->

  <krpano controlBar_classicbarbuilt="false" controlBar_classicbackgroundwidthwhenclosed="0" controlBar_classicbackgroundwidthwhenopened="0" controlBar_classicIsOpened="false" />
  <events name="controlBar_classicevents" 
    onxmlcomplete="controlBar_classicbuildMenuBar();" 


    keep="true" />



  <action name="controlBar_classicbuildMenuBar">
    ifnot (controlBar_classicbarbuilt, controlBar_classicbuildMenu(); set(controlBar_classicbarbuilt, true););
  </action>

  <action name="controlBar_classicbuildMenu">
    
    set(controlBar_classicbutton_pos, 20);

    set(layer[controlBar_classicbtn_hidecontrols].x, get(controlBar_classicbutton_pos));
    set(layer[controlBar_classicbtn_showcontrols].x, get(controlBar_classicbutton_pos));
    inc(controlBar_classicbutton_pos, 36);
    add(controlBar_classicbackgroundwidthwhenclosed, get(controlBar_classicbutton_pos), 20);



    if (device.desktop,
      set(layer[controlBar_classicbtn_display_help].x, get(controlBar_classicbutton_pos));
      set(layer[controlBar_classicbtn_close_help  ].x, get(controlBar_classicbutton_pos));
      inc(controlBar_classicbutton_pos, 36);
    );

    if (device.fullscreensupport,
      set(layer[controlBar_classicbtn_openfs ].x, get(controlBar_classicbutton_pos));
      set(layer[controlBar_classicbtn_closefs].x, get(controlBar_classicbutton_pos));
      inc(controlBar_classicbutton_pos, 36);
    );



    set(layer[controlBar_classicbtn_autorotate_on ].x, get(controlBar_classicbutton_pos));
    set(layer[controlBar_classicbtn_autorotate_off].x, get(controlBar_classicbutton_pos));
    inc(controlBar_classicbutton_pos, 36);



    if (device.desktop,
      set(layer[controlBar_classicbtn_ctrlmode_drag_to].x, get(controlBar_classicbutton_pos));
      set(layer[controlBar_classicbtn_ctrlmode_move_to].x, get(controlBar_classicbutton_pos));
      inc(controlBar_classicbutton_pos, 36);
    );





    if (device.desktop,
        set(layer[controlBar_classicbtn_right].x, get(controlBar_classicbutton_pos));
        inc(controlBar_classicbutton_pos, 36);
        set(layer[controlBar_classicbtn_left].x, get(controlBar_classicbutton_pos));
        inc(controlBar_classicbutton_pos, 36);
    );
    if (device.desktop,
        set(layer[controlBar_classicbtn_down].x, get(controlBar_classicbutton_pos));
        inc(controlBar_classicbutton_pos, 36);
        set(layer[controlBar_classicbtn_up].x, get(controlBar_classicbutton_pos));
        inc(controlBar_classicbutton_pos, 36);
    );
    if (device.desktop,
        set(layer[controlBar_classicbtn_out].x, get(controlBar_classicbutton_pos));
        inc(controlBar_classicbutton_pos, 36);
        set(layer[controlBar_classicbtn_in].x, get(controlBar_classicbutton_pos));
        inc(controlBar_classicbutton_pos, 36);
    );
    if (scene.count GT 1,
        set(layer[controlBar_classicbtn_next_pano].x, get(controlBar_classicbutton_pos));
        inc(controlBar_classicbutton_pos, 36);
        set(layer[controlBar_classicbtn_prev_pano].x, get(controlBar_classicbutton_pos));
        inc(controlBar_classicbutton_pos, 36);
      );



    inc(controlBar_classicbutton_pos, 20);

    set(controlBar_classicbackgroundwidthwhenopened, get(controlBar_classicbutton_pos));



    
    add(controlBar_classicVerifyVisibility, 20, 20);
    if(controlBar_classicbackgroundwidthwhenopened == controlBar_classicVerifyVisibility,
      set(controlBar_classicbackgroundwidthwhenopened, 0);


    );

	
	
  </action>

	<events name="controlBar_classicStartTourEvents" onTourStart="controlBar_classicCallOnStartTour();" keep="true" />

	<action name="controlBar_classicCallOnStartTour">
		
		set(layer[controlBar_classicmenu_controlbar_bg_img].width, get(controlBar_classicbutton_pos));
		set(layer[controlBar_classicmenu_controlbar_bg].width, get(controlBar_classicbutton_pos));
		controlBar_classicshowMenuControls();
	</action>



  <style name="controlBar_classic_btn_style"
         keep="true"
         alpha="0.8"
         edge="right" align="right"
         width="36" height="36"
         zorder="3"
         onover="controlBar_classicctrlbaronoveraction();"
         onout="controlBar_classicctrlbaronoutaction();"
         onhover="showTooltip('plugin', controlBar_classicmenuTooltipStyle, bottom);"
         />
  <action name="controlBar_classicctrlbaronoveraction">
    tween(alpha,1,0.1,easeoutquad);
    tween(y,-2,0.1,easeoutquad);
  </action>  
  <action name="controlBar_classicctrlbaronoutaction">
    tween(alpha,0.8);
    tween(y,0,0.1,easeoutquad);
    hideTooltip();
  </action>

  <layer name="controlBar_classicmenu_controlbar_bg_img"
         keep="true"
         align="bottom"
         x="0" y="10"
         url="%FIRSTXML%/graphics/classiccontrolbar/footer.png"
         zorder="1"
         width="40"
         height="40"
         scale9grid="10|10|80|80"
         visible="false"
         />
  <layer name="controlBar_classicmenu_controlbar_bg"
         keep="true"
         align="bottom"
         x="0" y="10"
         type="container"
         zorder="2"
         width="40"
         height="40"
         visible="false"
         alpha="1.0"
         >



    <layer name="controlBar_classicbtn_ctrlmode_move_to"
            url="%FIRSTXML%/graphics/classiccontrolbar/btn_move_to.png"
            style="controlBar_classic_btn_style"
            tooltip="controlBar_classicctrlmodeMoveTip"
            onclick="setControlModeMoveTo();
"
            visible="false"
            devices="desktop"
            />
    <layer name="controlBar_classicbtn_ctrlmode_drag_to"
            url="%FIRSTXML%/graphics/classiccontrolbar/btn_drag_to.png"
            style="controlBar_classic_btn_style"
            tooltip="controlBar_classicctrlmodeDragTip"
            onclick="setControlModeDragTo();
"
            visible="false"
            devices="desktop"
            />

    <layer name="controlBar_classicbtn_in"
            url="%FIRSTXML%/graphics/classiccontrolbar/btn_zoom_in.png"
            ondown="viewControlZoomIn(false);"
            onup="viewControlZoomStop();
"
            style="controlBar_classic_btn_style"
            tooltip="controlBar_classiczoomInTip"
            devices="desktop"
            visible="false"
            />
    <layer name="controlBar_classicbtn_out"
            url="%FIRSTXML%/graphics/classiccontrolbar/btn_zoom_out.png"
            ondown="viewControlZoomOut(false);
"
            onup="viewControlZoomStop();
"
            style="controlBar_classic_btn_style"
            tooltip="controlBar_classiczoomOutTip"
            devices="desktop"
            visible="false"
            />

    <layer name="controlBar_classicbtn_left"
            url="%FIRSTXML%/graphics/classiccontrolbar/btn_move_left.png"
            ondown="viewControlMoveLeft(false);
"
            onup="viewControlMoveHoriStop();
"
            style="controlBar_classic_btn_style"
            tooltip="controlBar_classicmoveLeftTip"
            devices="desktop"
            visible="false"
            />
    <layer name="controlBar_classicbtn_right"
            url="%FIRSTXML%/graphics/classiccontrolbar/btn_move_right.png"
            ondown="viewControlMoveRight(false);
"
            onup="viewControlMoveHoriStop();
"
            style="controlBar_classic_btn_style"
            tooltip="controlBar_classicmoveRightTip"
            devices="desktop"
            visible="false"
            />

    <layer name="controlBar_classicbtn_up"
            url="%FIRSTXML%/graphics/classiccontrolbar/btn_move_up.png"
            ondown="viewControlMoveUp(false);
"
            onup="viewControlMoveVertStop();
"
            style="controlBar_classic_btn_style"
            tooltip="controlBar_classicmoveUpTip"
            devices="desktop"
            visible="false"
            />
    <layer name="controlBar_classicbtn_down"
            url="%FIRSTXML%/graphics/classiccontrolbar/btn_move_down.png"
            ondown="viewControlMoveDown(false);
"
            onup="viewControlMoveVertStop();
"
            style="controlBar_classic_btn_style"
            tooltip="controlBar_classicmoveDownTip"
            devices="desktop"
            visible="false"
            />



    <layer name="controlBar_classicbtn_prev_pano"
            url="%FIRSTXML%/graphics/classiccontrolbar/btn_previous_scene.png"
            onclick="loadPreviousScene();
"
            style="controlBar_classic_btn_style"
            tooltip="controlBar_classicprevSceneTip"
            visible="false"
            />
    <layer name="controlBar_classicbtn_next_pano"
            url="%FIRSTXML%/graphics/classiccontrolbar/btn_next_scene.png"
            onclick="loadNextScene();
"
            style="controlBar_classic_btn_style"
            tooltip="controlBar_classicnextSceneTip"
            visible="false"
            />



    <layer name="controlBar_classicbtn_openfs"
            url="%FIRSTXML%/graphics/classiccontrolbar/btn_enter_fs.png"
            onclick="enterFullscreen();
"
            style="controlBar_classic_btn_style"
            devices="fullscreensupport"
            visible="false"
            tooltip="controlBar_classicopenFsTip"
            />
    <layer name="controlBar_classicbtn_closefs"
            url="%FIRSTXML%/graphics/classiccontrolbar/btn_close_fs.png"
            onclick="exitFullscreen();
"
            style="controlBar_classic_btn_style"
            visible="false"
            devices="fullscreensupport"
            tooltip="controlBar_classiccloseFsTip"
            />

    <layer name="controlBar_classicbtn_autorotate_on"
            url="%FIRSTXML%/graphics/classiccontrolbar/btn_start_autorotation.png"
            onclick="resumeautorotation();
"
            style="controlBar_classic_btn_style"
            visible="false"
            tooltip="controlBar_classicautorotateOnTip"
            />
    <layer name="controlBar_classicbtn_autorotate_off"
            url="%FIRSTXML%/graphics/classiccontrolbar/btn_stop_autorotation.png"
            onclick="pauseautorotation();
"
            style="controlBar_classic_btn_style"
            visible="false"
            tooltip="controlBar_classicautorotateOffTip"
            />



    <layer name="controlBar_classicbtn_display_help"
            url="%FIRSTXML%/graphics/classiccontrolbar/btn_help.png"
            onclick="controlBar_classicdisplayHelp();"
            style="controlBar_classic_btn_style"
            devices="desktop"
            visible="false"
            tooltip="controlBar_classicdisplayHelpTip"
            />
    <layer name="controlBar_classicbtn_close_help"
            url="%FIRSTXML%/graphics/classiccontrolbar/btn_help.png"
            onclick="controlBar_classiccloseHelp();"
            style="controlBar_classic_btn_style"
            visible="false"
            devices="desktop"
            tooltip="controlBar_classichideHelpTip"
            />



    <layer name="controlBar_classicbtn_hidecontrols"
            url="%FIRSTXML%/graphics/classiccontrolbar/btn_hide_controls.png"
            style="controlBar_classic_btn_style"
            onclick="controlBar_classichideMenuControls();hideTourControls();
"
            visible="false"
            tooltip="controlBar_classichideControlsTip"
            />
    <layer name="controlBar_classicbtn_showcontrols"
            url="%FIRSTXML%/graphics/classiccontrolbar/btn_show_controls.png"
            style="controlBar_classic_btn_style"
            onclick="controlBar_classicshowMenuControls();showTourControls();
"
            tooltip="controlBar_classicdisplayControlsTip"
            visible="false"
            />
  </layer>




	<events name="controlBar_classiccontrolmodechangedevent" 
		oncontrolmodechanged="controlBar_classicupdateControlModeButtons();" 
		keep="true" />
	<action name="controlBar_classicHideControlModeButtons">
		set(layer[controlBar_classicbtn_ctrlmode_move_to].visible, false);
		set(layer[controlBar_classicbtn_ctrlmode_drag_to].visible, false);
	</action>
	<action name="controlBar_classicShowControlModeButtons">
		if (tour_controlmodemousetype == "moveto",
			set(layer[controlBar_classicbtn_ctrlmode_drag_to].visible, true);
			set(layer[controlBar_classicbtn_ctrlmode_move_to].visible, false);
		,
			set(layer[controlBar_classicbtn_ctrlmode_move_to].visible, true);
			set(layer[controlBar_classicbtn_ctrlmode_drag_to].visible, false);
		);
	</action>
	<action name="controlBar_classicupdateControlModeButtons">
	if (device.desktop,
		if (controlBar_classicIsOpened,
			controlBar_classicShowControlModeButtons();
		,
			controlBar_classicHideControlModeButtons();
		);
	,
		controlBar_classicHideControlModeButtons();
	);
	</action>


  <action name="controlBar_classichideMenuControls">
    set(controlBar_classicIsOpened, false);
    set(layer[controlBar_classicbtn_hidecontrols].visible, false);
    set(layer[controlBar_classicbtn_showcontrols].visible, true);
    controlBar_classicupdateFullscreenButtons();


    if (scene.count GT 1,
    set(layer[controlBar_classicbtn_prev_pano].visible, false);
    set(layer[controlBar_classicbtn_next_pano].visible, false);
    );
    controlBar_classicupdateAutorotationButtons();


    set(layer[controlBar_classicbtn_up].visible  , false);
    set(layer[controlBar_classicbtn_down].visible, false);
    set(layer[controlBar_classicbtn_right].visible, false);
    set(layer[controlBar_classicbtn_left].visible , false);
    set(layer[controlBar_classicbtn_in].visible , false);
    set(layer[controlBar_classicbtn_out].visible, false);


    controlBar_classicupdateControlModeButtons();


    controlBar_classicupdateHelpButtons();


    if(controlBar_classicbackgroundwidthwhenclosed == 0,
      set(layer[controlBar_classicmenu_controlbar_bg_img].visible, false);
      set(layer[controlBar_classicmenu_controlbar_bg].visible, false);
    ,
      set(layer[controlBar_classicmenu_controlbar_bg_img].visible, true);
      set(layer[controlBar_classicmenu_controlbar_bg].visible, true);
    );
    tween(layer[controlBar_classicmenu_controlbar_bg_img].width,get(controlBar_classicbackgroundwidthwhenclosed),0.5,easeOutQuad);
    tween(layer[controlBar_classicmenu_controlbar_bg].width,get(controlBar_classicbackgroundwidthwhenclosed),0.5,easeOutQuad);
    tween(layer[controlBar_classicmenu_controlbar_bg_img].alpha,1.0,0.5,easeOutQuad);
  </action>
  <action name="controlBar_classicshowMenuControls">
    set(controlBar_classicIsOpened, true);
    set(layer[controlBar_classicbtn_hidecontrols].visible, true);
    set(layer[controlBar_classicbtn_showcontrols].visible, false);
    if(controlBar_classicbackgroundwidthwhenopened == 0,
      set(layer[controlBar_classicmenu_controlbar_bg_img].visible, false);
      set(layer[controlBar_classicmenu_controlbar_bg].visible, false);
    ,
      set(layer[controlBar_classicmenu_controlbar_bg_img].visible, true);
      set(layer[controlBar_classicmenu_controlbar_bg].visible, true);
    );
    tween(layer[controlBar_classicmenu_controlbar_bg_img].alpha,1.0,0.5,easeOutQuad);
    controlBar_classicshowMenuButtons();


      tween(layer[controlBar_classicmenu_controlbar_bg_img].width, get(controlBar_classicbackgroundwidthwhenopened),0.5,easeOutQuad);
      tween(layer[controlBar_classicmenu_controlbar_bg].width, get(controlBar_classicbackgroundwidthwhenopened),0.5,easeOutQuad);


  </action>
  <action name="controlBar_classicshowMenuButtons">
    if (device.desktop,
    set(layer[controlBar_classicbtn_up].visible  , true);
    set(layer[controlBar_classicbtn_down].visible, true);
    );
    if (device.desktop,
    set(layer[controlBar_classicbtn_right].visible, true);
    set(layer[controlBar_classicbtn_left].visible , true);
    );
    if (device.desktop,
    set(layer[controlBar_classicbtn_in].visible , true);
    set(layer[controlBar_classicbtn_out].visible, true);
    );


    controlBar_classicupdateControlModeButtons();


    controlBar_classicupdateHelpButtons();


    controlBar_classicupdateFullscreenButtons();


    if (scene.count GT 1,
      set(layer[controlBar_classicbtn_prev_pano].visible, true);
      set(layer[controlBar_classicbtn_next_pano].visible, true);
    );
    controlBar_classicupdateAutorotationButtons();


  </action>

  <layer name="controlBar_classichelpScreen" align="center" keep="true" onclick="controlBar_classiccloseHelp();" url="%FIRSTXML%/graphics/classiccontrolbar/help_screen_bg.png" visible="false" zorder="97" height="10%" width="prop" />

  <layer name="controlBar_classichelpScreenFg" align="center" keep="true" onclick="controlBar_classiccloseHelp();" displayed="false" 
         url="%FIRSTXML%/graphics/classiccontrolbar/help_screen_fg.png" 
         alpha="0.8" 
         height="50%" 
         width="prop" 
         zorder="98"
         visible="false" />
  <action name="controlBar_classicdisplayHelp">
    set(layer[controlBar_classichelpScreenFg].displayed,true);
    set(layer[controlBar_classichelpScreen].visible,true);
    tween(layer[controlBar_classichelpScreen].height, 50%, 1, easeOutQuad,
      set(layer[controlBar_classichelpScreenFg].visible,true);
    );
    controlBar_classicupdateHelpButtons();
  </action>
  <action name="controlBar_classiccloseHelp">
    set(layer[controlBar_classichelpScreenFg].displayed,false);
    set(layer[controlBar_classichelpScreenFg].visible,false);
    tween(layer[controlBar_classichelpScreen].height, 10%, 1, easeOutQuad,
      set(layer[controlBar_classichelpScreen].visible,false);
    );
    controlBar_classicupdateHelpButtons();
  </action>
	<action name="controlBar_classicHideHelpButtons">
		set(layer[controlBar_classicbtn_display_help].visible, false);
		set(layer[controlBar_classicbtn_close_help].visible, false);
	</action>
	<action name="controlBar_classicShowHelpButtons">
		if (layer[controlBar_classichelpScreenFg].displayed,
			set(layer[controlBar_classicbtn_close_help].visible, true);
			set(layer[controlBar_classicbtn_display_help].visible, false);
		,
			set(layer[controlBar_classicbtn_display_help].visible, true);
			set(layer[controlBar_classicbtn_close_help].visible, false);
		);
	</action>
	<action name="controlBar_classicupdateHelpButtons">
	if (device.desktop,
		if (controlBar_classicIsOpened,
			controlBar_classicShowHelpButtons();
		,
			controlBar_classicHideHelpButtons();
		);
	,
		controlBar_classicHideHelpButtons();
	);
	</action>



	<events name="controlBar_classicmenufullscreenchangeevent"
		onenterfullscreen="controlBar_classicupdateFullscreenButtons();"
		onexitfullscreen="controlBar_classicupdateFullscreenButtons();"
		keep="true"/>
	<action name="controlBar_classicHideFullscreenButtons">
		set(layer[controlBar_classicbtn_openfs].visible , false);
		set(layer[controlBar_classicbtn_closefs].visible, false);
	</action>
	<action name="controlBar_classicShowFullscreenButtons">
		if (device.fullscreensupport,
			if(tour_fullscreen,
				set(layer[controlBar_classicbtn_openfs].visible , false);
				set(layer[controlBar_classicbtn_closefs].visible, true);
			,
				set(layer[controlBar_classicbtn_openfs].visible ,true);
				set(layer[controlBar_classicbtn_closefs].visible,false);
			);
		,
			controlBar_classicHideFullscreenButtons();
		);
	</action>
	<action name="controlBar_classicupdateFullscreenButtons">
		if (controlBar_classicIsOpened,
			controlBar_classicShowFullscreenButtons();
		,
			controlBar_classicHideFullscreenButtons();
		);
	</action>

	<events name="controlBar_classicAutorotationEvents"
		onstartautorotation="controlBar_classicupdateAutorotationButtons();"
		onresumeautorotation="controlBar_classicupdateAutorotationButtons();"
		onstopautorotation="controlBar_classicupdateAutorotationButtons();"
		onpauseautorotation="controlBar_classicupdateAutorotationButtons();"
		keep="true"/>
	<action name="controlBar_classicHideAutorotationButtons">
		set(layer[controlBar_classicbtn_autorotate_off].visible, false);
		set(layer[controlBar_classicbtn_autorotate_on].visible , false);
	</action>
	<action name="controlBar_classicShowAutorotationButtons">
		if(autorotate.enabled == false,
			set(layer[controlBar_classicbtn_autorotate_off].visible, false);
			set(layer[controlBar_classicbtn_autorotate_on].visible , true);
		,
			set(layer[controlBar_classicbtn_autorotate_off].visible, true);
			set(layer[controlBar_classicbtn_autorotate_on].visible , false);
		);
	</action>
	<action name="controlBar_classicupdateAutorotationButtons">
		if (controlBar_classicIsOpened,
			controlBar_classicShowAutorotationButtons();
		,
			controlBar_classicHideAutorotationButtons();
		);
	</action>




<layer name="controlBar_classicmenuTooltipStyle"
	keep="true"
	enabled="false"
	capture="false"
	url="%FIRSTXML%/graphics/textfield.swf"
	align="center"
	background="false"
	border="false"
	textshadow="1" textshadowrange="4.0" textshadowangle="45" textshadowcolor="0x000000" textshadowalpha="1"
	css="color:#e6e6e6;font-family:Helvetica;font-weight:bold;font-size:14px;text-align:left;"
	height="20"
	autoheight="true"
	autowidth="auto"
	selectable="false"
	zorder="0"
	visible="false"
	html=""
	padding="2"
	xoffset="0"
	yoffset="0"
	edge="bottom"
	/>



  <!-- Fullscreen Management -->
  <action name="exitFullScreen" devices="fullscreensupport">set(tour_fullscreen,false);set(fullscreen,false);</action>
  <action name="enterFullScreen" devices="fullscreensupport">set(tour_fullscreen,true);set(fullscreen,true);</action>
  <action name="switchFullScreen">if(tour_fullscreen,exitFullScreen();,enterFullScreen(););</action>

  
  <events name="krpanoExitFullscreenEvent"
    onexitfullscreen="if(tour_fullscreen,exitFullScreenChangeEvent(););"
    keep="true" />

  <action name="exitFullScreenChangeEvent" devices="fullscreensupport">set(tour_fullscreen,false);events.dispatch(onexitfullscreen);</action>

<action name="viewControlMoveUp">
	if(%1,
		if(%2,
			set(isfullvertical, false);
			ifnot(scene[get(xml.scene)].planar,
				sub(viewvfov, panoview.vmax, panoview.vmin);
				if (viewvfov == 180,
					set(isfullvertical, true);
				);
			);
			if(isfullvertical == false AND calc(view.vlookat-%2) LT view.vlookatmin,
				moveto(get(view.hlookat), get(view.vlookatmin));
			,
				moveto(get(view.hlookat), calc(view.vlookat-%2));
			);
		,
			set(vlookat_moveforce, -1);
			delayedcall(0.1, viewControlMoveVertStop());
		);
	,
		set(vlookat_moveforce, -1);
	);
</action>
<action name="viewControlMoveDown">
	if(%1,
		if(%2,
			set(isfullvertical, false);
			ifnot(scene[get(xml.scene)].planar,
				sub(viewvfov, panoview.vmax, panoview.vmin);
				if (viewvfov == 180,
					set(isfullvertical, true);
				);
			);
			if(sceneisfull360 == false AND calc(view.vlookat+%2) GT view.vlookatmax,
				moveto(get(view.hlookat), get(view.vlookatmax));
			,
				moveto(get(view.hlookat), calc(view.vlookat+%2));
			);
		,
			set(vlookat_moveforce, +1);
			delayedcall(0.1, viewControlMoveVertStop());
		);
	,
		set(vlookat_moveforce, +1);
	);
</action>
<action name="viewControlMoveLeft">
	if(%1,
		if(%2,
			set(isfullhorizontal, false);
			ifnot(scene[get(xml.scene)].planar,
				sub(viewhfov, panoview.hmax, panoview.hmin);
				if (viewhfov == 360,
					set(isfullhorizontal, true);
				);
			);
			if(isfullhorizontal == false AND calc(view.hlookat-%2) LT view.hlookatmin,
				moveto(get(view.hlookatmin), get(view.vlookat));
			,
				moveto(calc(view.hlookat-%2), get(view.vlookat));
			);
		,
			set(hlookat_moveforce, -1);
			delayedcall(0.1, viewControlMoveHoriStop());
		);
	,
		set(hlookat_moveforce, -1);
	);
</action>
<action name="viewControlMoveRight">
	if(%1,
		if(%2,
			set(isfullhorizontal, false);
			ifnot(scene[get(xml.scene)].planar,
				sub(viewhfov, panoview.hmax, panoview.hmin);
				if (viewhfov == 360,
					set(isfullhorizontal, true);
				);
			);
			if(isfullhorizontal == false AND calc(view.hlookat+%2) GT view.hlookatmax,
				moveto(get(view.hlookatmax), get(view.vlookat));
			,
				moveto(calc(view.hlookat+%2), get(view.vlookat));
			);
		,
			set(hlookat_moveforce, +1);
			delayedcall(0.1, viewControlMoveHoriStop());
			
		);
	,
		set(hlookat_moveforce, +1);
	);
</action>
<action name="viewControlMoveHoriStop">
	set(hlookat_moveforce, 0);
</action>
<action name="viewControlMoveVertStop">
	set(vlookat_moveforce, 0);
</action>

<action name="viewControlZoomIn">
	if(%1,
		if(%2,
			if(%2 LT view.fovmin,
				zoomto(get(view.fovmin));
			,
				if(%2 LT view.fov,
					zoomto(%2);
				);
			);
		,
			set(fov_moveforce, -1);
			delayedcall(0.1, viewControlZoomStop());
		);
	,
		set(fov_moveforce, -1);
	);
</action>
<action name="viewControlZoomOut">
	if(%1,
		if(%2,
			if(%2 GT view.fovmax,
				zoomto(get(view.fovmax));
			,
				if(%2 GT view.fov,
					zoomto(%2);
				);
			);
		,
			set(fov_moveforce, +1);
			delayedcall(0.1, viewControlZoomStop());
		);
	,
		set(fov_moveforce, +1);
	);
</action>
<action name="viewControlZoomStop">
	set(fov_moveforce, 0);
</action>

  <!-- Hide / Show Controls -->
  <action name="hideTourControls">set(tour_displaycontrols, false);events.dispatch(hidetourcontrols);</action>
  <action name="showTourControls">set(tour_displaycontrols, true); events.dispatch(showtourcontrols);</action>


</krpano>