<?xml version="1.0" encoding="UTF-8"?>
<krpano version="1.19"
        onstart="startup"
        logkey="false"
        bgcolor="#ffffff"
        projectfloorplanurl=""
        projecttitleid="project_title"
        projectdescriptionid="">


  <security cors="">
    <!--
    <crossdomainxml url="http://RESSOURCES_URL/crossdomain.xml" />
    -->
    <allowdomain domain="*" />
  </security>

  <krpano tour_firststartactiondone="false" />
  <events name="startbehavioursevents" onxmlcomplete="startbehavioursxmlcompleteaction();" keep="true"/>

  <!-- generated by Panotour Pro V2.5.7 64bits : 16-09-2022 17-06-49 -->
  <!-- Plugins and Spot Styles -->
  <include url="%FIRSTXML%/Office_skin.xml"/>
  <!-- Core actions -->
  <include url="%FIRSTXML%/Office_core.xml"/>
  <!-- Tour Messages -->
  <include url="%FIRSTXML%/Office_messages_en.xml"/>

  <action name="startup">

    if (s !== null, if (startscene === null, set(startscene, get(s));); );
    if (startscene === null,
      set(startscene, pano10);
    );
    mainloadsceneStartup(get(startscene));
    if (h !== null,
      if (v !== null,
        if (f !== null,
          lookat(get(h), get(v), get(f));
         ,
          lookat(get(h), get(v));
        );
      ,
        if (f !== null,
          lookat(get(h), get(view.vlookat), get(f));
         ,
          lookat(get(h), get(view.vlookat));
        );
      );
    ,
      if (v !== null,
        if (f !== null,
          lookat(get(view.hlookat), get(v), get(f));
         ,
          lookat(get(view.hlookat), get(v));
        );
      ,
        if (f !== null,
          lookat(get(view.hlookat), get(view.vlookat), get(f));
        );
      );
    );
  </action>

  <!-- 2 Groups -->

  <!-- Group Group 11 : 1 panoramas -->
  

<!-- **** @PanoName="0" @PanoFile="C:/Users/BALLU Agency/Desktop/0.jpg" **** -->
<!-- **** Width="4000px" Height="2000px" **** -->
<scene name="pano10"
       heading="0"
       thumburl="%FIRSTXML%/_0_10/thumbnail.jpg"
       backgroundsound=""
       backgroundsoundloops="0"
       haspolygons="false"
       titleid="pano10_title"
       descriptionid=""
       multires="true"
       planar="false"
       full360="true"
       video="false"
       seen="false">

    <autorotate horizon="-0.500000" tofov="1.000000" waittime="1" speed="5"/>


    <panoview h="0.000000" v="-0.500000" fov="1.000000" hmin="-180" hmax="180" vmin="-90" vmax="90" fovmax="90" />

    <view fisheye="0"
          limitview="range"
          hlookatmin="-180"
          hlookatmax="180"
          vlookatmin="-90"
          vlookatmax="90"
          maxpixelzoom="1.0"
          fovtype="VFOV"
          fovmax="90"
          fov="1.000000"
          hlookat="0.000000"
          vlookat="-0.500000"/>

    <preview url="%FIRSTXML%/_0_10/preview.jpg" type="CUBESTRIP" striporder="FRBLUD" />


    <image type="CUBE" multires="true" baseindex="0" tilesize="512" devices="!androidstock|webgl">
      <level tiledimagewidth="1536" tiledimageheight="1536">
          <front url="_0_10/0/1/%v_%u.jpg"/>
          <right url="_0_10/1/1/%v_%u.jpg"/>
          <back  url="_0_10/2/1/%v_%u.jpg"/>
          <left  url="_0_10/3/1/%v_%u.jpg"/>
          <up    url="_0_10/4/1/%v_%u.jpg"/>
          <down  url="_0_10/5/1/%v_%u.jpg"/>
      </level>
      <level tiledimagewidth="1024" tiledimageheight="1024">
          <front url="_0_10/0/0/%v_%u.jpg"/>
          <right url="_0_10/1/0/%v_%u.jpg"/>
          <back  url="_0_10/2/0/%v_%u.jpg"/>
          <left  url="_0_10/3/0/%v_%u.jpg"/>
          <up    url="_0_10/4/0/%v_%u.jpg"/>
          <down  url="_0_10/5/0/%v_%u.jpg"/>
      </level>
    </image>
      <image type="CUBE" devices="androidstock.and.no-webgl">
        <front url="_0_10/mobile/0.jpg"/>
        <right url="_0_10/mobile/1.jpg"/>
        <back  url="_0_10/mobile/2.jpg"/>
        <left  url="_0_10/mobile/3.jpg"/>
        <up    url="_0_10/mobile/4.jpg"/>
        <down  url="_0_10/mobile/5.jpg"/>
      </image>








  <!-- **** 2 Point Spots **** -->



  <hotspot name="spotpoint12"
           ath="-2.085117" atv="0.927905"
           style="IconDefaultPointSpotStyle"
           tag="point"
           descriptionid=""
           onclick="onclickspotpoint12"
           />
  <hotspot name="spotpoint12" devices="flash" zorder="3"/>
  <hotspot name="spotpoint12" devices="html5" zorder="3" zorder2="1"/>
  <action name="onclickspotpoint12">
  
        mainloadscene(pano16);lookat(0.000000, 0.000000, 90.000000);


  </action>





  <hotspot name="spotpoint13"
           ath="154.517405" atv="-2.783521"
           style="IconDefaultPointSpotStyle"
           tag="point"
           descriptionid=""
           onclick="onclickspotpoint13"
           />
  <hotspot name="spotpoint13" devices="flash" zorder="3"/>
  <hotspot name="spotpoint13" devices="html5" zorder="3" zorder2="1"/>
  <action name="onclickspotpoint13">
  lookat(get(panoview.h), get(panoview.v), get(panoview.fov));


  </action>



  <action name="hidepanopointspots">
    set(hotspot[spotpoint12].visible, false);
    set(hotspot[spotpoint13].visible, false);
  </action>
  <action name="showpanopointspots">
    set(hotspot[spotpoint12].visible, true);
    set(hotspot[spotpoint13].visible, true);
  </action>
  <events name="pano10stopanimatedspots" onremovepano="" />


  <action name="showpanospotsaction">
    if (tour_displayspots,
    showpanopointspots();




    );
  </action>
  <action name="hidepanospotsaction">
    hidepanopointspots();




  </action>


  <action name="setzorder2onstandardspots">
    if (device.html5,
      ifnot (device.desktop,


        set(hotspot[spotpoint12].zorder2, %1);

        set(hotspot[spotpoint13].zorder2, %1);

      );
    );
  </action>


</scene>


  <!-- Group Group 20 : 1 panoramas -->
  

<!-- **** @PanoName="1" @PanoFile="C:/Users/BALLU Agency/Desktop/1.jpg" **** -->
<!-- **** Width="4000px" Height="2000px" **** -->
<scene name="pano16"
       heading="0"
       thumburl="%FIRSTXML%/_1_16/thumbnail.jpg"
       backgroundsound=""
       backgroundsoundloops="0"
       haspolygons="false"
       titleid="pano16_title"
       descriptionid=""
       multires="true"
       planar="false"
       full360="true"
       video="false"
       seen="false">

    <autorotate horizon="0.000000" tofov="90.000000" waittime="1" speed="5"/>


    <panoview h="0.000000" v="0.000000" fov="90.000000" hmin="-180" hmax="180" vmin="-90" vmax="90" fovmax="90" />

    <view fisheye="0"
          limitview="range"
          hlookatmin="-180"
          hlookatmax="180"
          vlookatmin="-90"
          vlookatmax="90"
          maxpixelzoom="1.0"
          fovtype="VFOV"
          fovmax="90"
          fov="90.000000"
          hlookat="0.000000"
          vlookat="0.000000"/>

    <preview url="%FIRSTXML%/_1_16/preview.jpg" type="CUBESTRIP" striporder="FRBLUD" />


    <image type="CUBE" multires="true" baseindex="0" tilesize="512" devices="!androidstock|webgl">
      <level tiledimagewidth="1536" tiledimageheight="1536">
          <front url="_1_16/0/1/%v_%u.jpg"/>
          <right url="_1_16/1/1/%v_%u.jpg"/>
          <back  url="_1_16/2/1/%v_%u.jpg"/>
          <left  url="_1_16/3/1/%v_%u.jpg"/>
          <up    url="_1_16/4/1/%v_%u.jpg"/>
          <down  url="_1_16/5/1/%v_%u.jpg"/>
      </level>
      <level tiledimagewidth="1024" tiledimageheight="1024">
          <front url="_1_16/0/0/%v_%u.jpg"/>
          <right url="_1_16/1/0/%v_%u.jpg"/>
          <back  url="_1_16/2/0/%v_%u.jpg"/>
          <left  url="_1_16/3/0/%v_%u.jpg"/>
          <up    url="_1_16/4/0/%v_%u.jpg"/>
          <down  url="_1_16/5/0/%v_%u.jpg"/>
      </level>
    </image>
      <image type="CUBE" devices="androidstock.and.no-webgl">
        <front url="_1_16/mobile/0.jpg"/>
        <right url="_1_16/mobile/1.jpg"/>
        <back  url="_1_16/mobile/2.jpg"/>
        <left  url="_1_16/mobile/3.jpg"/>
        <up    url="_1_16/mobile/4.jpg"/>
        <down  url="_1_16/mobile/5.jpg"/>
      </image>








  <!-- **** 1 Point Spots **** -->



  <hotspot name="spotpoint18"
           ath="86.872673" atv="-5.103182"
           style="IconDefaultPointSpotStyle"
           tag="point"
           descriptionid=""
           onclick="onclickspotpoint18"
           />
  <hotspot name="spotpoint18" devices="flash" zorder="3"/>
  <hotspot name="spotpoint18" devices="html5" zorder="3" zorder2="1"/>
  <action name="onclickspotpoint18">
  
        mainloadscene(pano10);lookat(get(panoview.h), get(panoview.v), get(panoview.fov));


  </action>



  <action name="hidepanopointspots">
    set(hotspot[spotpoint18].visible, false);
  </action>
  <action name="showpanopointspots">
    set(hotspot[spotpoint18].visible, true);
  </action>
  <events name="pano16stopanimatedspots" onremovepano="" />


  <action name="showpanospotsaction">
    if (tour_displayspots,
    showpanopointspots();




    );
  </action>
  <action name="hidepanospotsaction">
    hidepanopointspots();




  </action>


  <action name="setzorder2onstandardspots">
    if (device.html5,
      ifnot (device.desktop,


        set(hotspot[spotpoint18].zorder2, %1);

      );
    );
  </action>


</scene>


  <krpano nofullspherepanoavailable="false" />



</krpano>

